{"mean":{"confidence_interval":{"confidence_level":0.95,"lower_bound":-0.07564595039832449,"upper_bound":-0.05156872422639662},"point_estimate":-0.06357747804853264,"standard_error":0.006164232525780074},"median":{"confidence_interval":{"confidence_level":0.95,"lower_bound":-0.06007166917755295,"upper_bound":-0.04397661487380111},"point_estimate":-0.05265702591884447,"standard_error":0.0041189565968364015}}