{"mean":{"confidence_interval":{"confidence_level":0.95,"lower_bound":-0.02364352894177153,"upper_bound":-0.00011686252163721555},"point_estimate":-0.011436730299025144,"standard_error":0.006000127621462392},"median":{"confidence_interval":{"confidence_level":0.95,"lower_bound":-0.022093747500360417,"upper_bound":-0.01315287686324862},"point_estimate":-0.016934866203873633,"standard_error":0.002368926805041745}}