{"mean":{"confidence_interval":{"confidence_level":0.95,"lower_bound":-0.08616524878224585,"upper_bound":-0.04426506345622473},"point_estimate":-0.06561549473116013,"standard_error":0.010672554132356998},"median":{"confidence_interval":{"confidence_level":0.95,"lower_bound":-0.04039154374684473,"upper_bound":-0.008085700560124375},"point_estimate":-0.02408999068063744,"standard_error":0.008258953578296053}}