{"mean":{"confidence_interval":{"confidence_level":0.95,"lower_bound":-0.033292871506472865,"upper_bound":-0.0010313739459395302},"point_estimate":-0.01709137826821505,"standard_error":0.008194642149649852},"median":{"confidence_interval":{"confidence_level":0.95,"lower_bound":-0.01706115713409222,"upper_bound":0.004427875350003626},"point_estimate":-0.005578857899278811,"standard_error":0.005340057578787126}}