{"mean":{"confidence_interval":{"confidence_level":0.95,"lower_bound":-0.08057202810824672,"upper_bound":-0.023476646217998144},"point_estimate":-0.05224917662731199,"standard_error":0.014486391550470264},"median":{"confidence_interval":{"confidence_level":0.95,"lower_bound":-0.08432384038300013,"upper_bound":-0.03268073061054533},"point_estimate":-0.05324867132236277,"standard_error":0.012989417165828316}}