{"mean":{"confidence_interval":{"confidence_level":0.95,"lower_bound":-0.08128569886349657,"upper_bound":-0.04114508656642424},"point_estimate":-0.06054568649835179,"standard_error":0.010247237273605742},"median":{"confidence_interval":{"confidence_level":0.95,"lower_bound":-0.038572917292673196,"upper_bound":-0.02173079213781126},"point_estimate":-0.03131867663484178,"standard_error":0.004375780250618226}}