{"mean":{"confidence_interval":{"confidence_level":0.95,"lower_bound":-0.1410774454995638,"upper_bound":-0.09337685905168483},"point_estimate":-0.1167322344839824,"standard_error":0.012180605295224873},"median":{"confidence_interval":{"confidence_level":0.95,"lower_bound":-0.09004442358292947,"upper_bound":-0.052383986048451535},"point_estimate":-0.07103250301492592,"standard_error":0.010202113285396091}}