{"mean":{"confidence_interval":{"confidence_level":0.95,"lower_bound":1.176582678620146,"upper_bound":1.2390035096181424},"point_estimate":1.2065217822796486,"standard_error":0.01589694019250532},"median":{"confidence_interval":{"confidence_level":0.95,"lower_bound":1.1309523310858034,"upper_bound":1.145630116188909},"point_estimate":1.137077996769383,"standard_error":0.0038333636948728717},"median_abs_dev":{"confidence_interval":{"confidence_level":0.95,"lower_bound":0.029446602479740246,"upper_bound":0.06253550612093622},"point_estimate":0.04308945332561856,"standard_error":0.008896665855413115},"slope":{"confidence_interval":{"confidence_level":0.95,"lower_bound":1.25264973186368,"upper_bound":1.3613844014254612},"point_estimate":1.310413778502177,"standard_error":0.027741027472249845},"std_dev":{"confidence_interval":{"confidence_level":0.95,"lower_bound":0.12869867159657333,"upper_bound":0.18477907993239429},"point_estimate":0.15978047983102248,"standard_error":0.014305685065496569}}