{"mean":{"confidence_interval":{"confidence_level":0.95,"lower_bound":-0.03888865897456693,"upper_bound":-0.002076170350953688},"point_estimate":-0.019985851715413006,"standard_error":0.009397648006784373},"median":{"confidence_interval":{"confidence_level":0.95,"lower_bound":-0.0013563867817701913,"upper_bound":0.016008089118870972},"point_estimate":0.007231600938562455,"standard_error":0.004502320341668066}}