{"mean":{"confidence_interval":{"confidence_level":0.95,"lower_bound":-0.1947438762966083,"upper_bound":-0.14592085463123552},"point_estimate":-0.17044137636166656,"standard_error":0.012450206993137612},"median":{"confidence_interval":{"confidence_level":0.95,"lower_bound":-0.1833433808357301,"upper_bound":-0.11281542610000428},"point_estimate":-0.15602148261240545,"standard_error":0.01894356716577672}}