{"mean":{"confidence_interval":{"confidence_level":0.95,"lower_bound":1.1109265793588607,"upper_bound":1.1253593180279307},"point_estimate":1.1177943203269722,"standard_error":0.0036765801350683593},"median":{"confidence_interval":{"confidence_level":0.95,"lower_bound":1.1068348838944817,"upper_bound":1.1171515219376635},"point_estimate":1.1129719972163048,"standard_error":0.0024389399998600535},"median_abs_dev":{"confidence_interval":{"confidence_level":0.95,"lower_bound":0.015352567969662584,"upper_bound":0.03218144390976401},"point_estimate":0.02482301255312691,"standard_error":0.004652235345876393},"slope":{"confidence_interval":{"confidence_level":0.95,"lower_bound":1.1162174383574337,"upper_bound":1.136556079166392},"point_estimate":1.1259118601752265,"standard_error":0.00520298578519906},"std_dev":{"confidence_interval":{"confidence_level":0.95,"lower_bound":0.026262595948277213,"upper_bound":0.04700351526881896},"point_estimate":0.03697656404807133,"standard_error":0.005324738388085583}}