{"mean":{"confidence_interval":{"confidence_level":0.95,"lower_bound":-0.2060530691673381,"upper_bound":-0.174909209631114},"point_estimate":-0.19093541014666537,"standard_error":0.007935289084778118},"median":{"confidence_interval":{"confidence_level":0.95,"lower_bound":-0.2173927023980603,"upper_bound":-0.17976007853405718},"point_estimate":-0.19995829524783537,"standard_error":0.00966771774326014}}