{"mean":{"confidence_interval":{"confidence_level":0.95,"lower_bound":-0.02013394051248627,"upper_bound":0.014509438811750056},"point_estimate":-0.0023660410034391788,"standard_error":0.008869155485185692},"median":{"confidence_interval":{"confidence_level":0.95,"lower_bound":0.004045953102687093,"upper_bound":0.031189776996142313},"point_estimate":0.02630271974790399,"standard_error":0.006570155625717524}}