{"mean":{"confidence_interval":{"confidence_level":0.95,"lower_bound":0.8143631728351015,"upper_bound":0.8247452420461967},"point_estimate":0.8192923727027925,"standard_error":0.00264791125077559},"median":{"confidence_interval":{"confidence_level":0.95,"lower_bound":0.8089608730544908,"upper_bound":0.8175392513940793},"point_estimate":0.8138242248142846,"standard_error":0.0022709174958930865},"median_abs_dev":{"confidence_interval":{"confidence_level":0.95,"lower_bound":0.015214322651961626,"upper_bound":0.025912157783996834},"point_estimate":0.02135654012729573,"standard_error":0.0027867505198581836},"slope":{"confidence_interval":{"confidence_level":0.95,"lower_bound":0.8164626589287386,"upper_bound":0.8330328076864734},"point_estimate":0.824327543320879,"standard_error":0.004239071143285497},"std_dev":{"confidence_interval":{"confidence_level":0.95,"lower_bound":0.01910272564326265,"upper_bound":0.03361332241039084},"point_estimate":0.026405722132860857,"standard_error":0.003767313871017017}}