{"mean":{"confidence_interval":{"confidence_level":0.95,"lower_bound":1.1301099971049857,"upper_bound":1.1669831350780335},"point_estimate":1.147481513061026,"standard_error":0.009416330891529},"median":{"confidence_interval":{"confidence_level":0.95,"lower_bound":1.1064216322084304,"upper_bound":1.1314060304704265},"point_estimate":1.1151864062531502,"standard_error":0.007736340612356623},"median_abs_dev":{"confidence_interval":{"confidence_level":0.95,"lower_bound":0.032625005745484055,"upper_bound":0.054955257543700654},"point_estimate":0.04076937864342195,"standard_error":0.005630125453696848},"slope":{"confidence_interval":{"confidence_level":0.95,"lower_bound":1.1150675292603827,"upper_bound":1.1537013843298365},"point_estimate":1.1321741942070906,"standard_error":0.009892770535536628},"std_dev":{"confidence_interval":{"confidence_level":0.95,"lower_bound":0.06592453837988661,"upper_bound":0.11848834602237533},"point_estimate":0.09485233771750862,"standard_error":0.013378393355460644}}