{"mean":{"confidence_interval":{"confidence_level":0.95,"lower_bound":-0.031023763596572138,"upper_bound":-0.014164721870434686},"point_estimate":-0.022482387754569566,"standard_error":0.0043123577036742675},"median":{"confidence_interval":{"confidence_level":0.95,"lower_bound":-0.026896415722284257,"upper_bound":-0.018452039792607875},"point_estimate":-0.022867453934014015,"standard_error":0.002099119216018685}}