{"mean":{"confidence_interval":{"confidence_level":0.95,"lower_bound":-0.2670041986359833,"upper_bound":-0.24092469321177948},"point_estimate":-0.2538841463907263,"standard_error":0.006633005263600925},"median":{"confidence_interval":{"confidence_level":0.95,"lower_bound":-0.2665011078933738,"upper_bound":-0.22945398380593518},"point_estimate":-0.24872654910436875,"standard_error":0.010135575562201805}}