{"mean":{"confidence_interval":{"confidence_level":0.95,"lower_bound":1.1070185736351994,"upper_bound":1.126972801199477},"point_estimate":1.1164873980251953,"standard_error":0.005094651792802246},"median":{"confidence_interval":{"confidence_level":0.95,"lower_bound":1.101514808963679,"upper_bound":1.115233236104523},"point_estimate":1.1061770213637883,"standard_error":0.0033718295319659607},"median_abs_dev":{"confidence_interval":{"confidence_level":0.95,"lower_bound":0.024850781164501616,"upper_bound":0.040901799605588596},"point_estimate":0.03367061675279841,"standard_error":0.0040298028079223626},"slope":{"confidence_interval":{"confidence_level":0.95,"lower_bound":1.1075291062340094,"upper_bound":1.1237901957985856},"point_estimate":1.1149012067749533,"standard_error":0.004167292544246362},"std_dev":{"confidence_interval":{"confidence_level":0.95,"lower_bound":0.036342253377121846,"upper_bound":0.06491593760794277},"point_estimate":0.05129492938896828,"standard_error":0.007324883358953376}}