{"mean":{"confidence_interval":{"confidence_level":0.95,"lower_bound":-0.1627615001435826,"upper_bound":-0.11153495597344842},"point_estimate":-0.13770799157491387,"standard_error":0.013201560758275274},"median":{"confidence_interval":{"confidence_level":0.95,"lower_bound":-0.1941400319067736,"upper_bound":-0.16106640185669902},"point_estimate":-0.1796968837378201,"standard_error":0.008383566754392075}}