{"mean":{"confidence_interval":{"confidence_level":0.95,"lower_bound":0.000330646851130985,"upper_bound":0.036812905578030505},"point_estimate":0.017682216880234414,"standard_error":0.009299073718718878},"median":{"confidence_interval":{"confidence_level":0.95,"lower_bound":-0.0044471078251322165,"upper_bound":0.0035200725678417033},"point_estimate":-0.001486522775312138,"standard_error":0.0020086501803867106}}