{"mean":{"confidence_interval":{"confidence_level":0.95,"lower_bound":-0.08482031053576626,"upper_bound":-0.051043061270149355},"point_estimate":-0.06814174120514449,"standard_error":0.00863878197468548},"median":{"confidence_interval":{"confidence_level":0.95,"lower_bound":-0.06257170301537895,"upper_bound":-0.04380609773137667},"point_estimate":-0.05243222193218677,"standard_error":0.004883540804497571}}