{"mean":{"confidence_interval":{"confidence_level":0.95,"lower_bound":-0.21618167530563148,"upper_bound":-0.17380945400032394},"point_estimate":-0.19512680366881408,"standard_error":0.010818609335983064},"median":{"confidence_interval":{"confidence_level":0.95,"lower_bound":-0.24575809519499514,"upper_bound":-0.18113679669879124},"point_estimate":-0.20156208715725565,"standard_error":0.01828063589795914}}