{"mean":{"confidence_interval":{"confidence_level":0.95,"lower_bound":-0.10007460155762764,"upper_bound":-0.053857580861113585},"point_estimate":-0.07639322231375467,"standard_error":0.011825200718781374},"median":{"confidence_interval":{"confidence_level":0.95,"lower_bound":-0.04065081767706713,"upper_bound":-0.015219000852454312},"point_estimate":-0.022423619741492762,"standard_error":0.00615043400466844}}