{"mean":{"confidence_interval":{"confidence_level":0.95,"lower_bound":1.1312003758817877,"upper_bound":1.1453678355428583},"point_estimate":1.1381087662162073,"standard_error":0.003611536090701394},"median":{"confidence_interval":{"confidence_level":0.95,"lower_bound":1.12829249543175,"upper_bound":1.141797623060746},"point_estimate":1.1355602248539713,"standard_error":0.0038056323580605944},"median_abs_dev":{"confidence_interval":{"confidence_level":0.95,"lower_bound":0.024501159997531895,"upper_bound":0.044739011040192025},"point_estimate":0.03643781678003037,"standard_error":0.005235098826502088},"slope":{"confidence_interval":{"confidence_level":0.95,"lower_bound":1.1316800988719982,"upper_bound":1.150658225556096},"point_estimate":1.140933300506151,"standard_error":0.004846267145231164},"std_dev":{"confidence_interval":{"confidence_level":0.95,"lower_bound":0.029529651561735093,"upper_bound":0.04302498308905739},"point_estimate":0.036269383821996466,"standard_error":0.0034605037491268233}}