{"mean":{"confidence_interval":{"confidence_level":0.95,"lower_bound":-0.12940768937285982,"upper_bound":-0.08008208424461115},"point_estimate":-0.10504973567758447,"standard_error":0.012631760477480606},"median":{"confidence_interval":{"confidence_level":0.95,"lower_bound":-0.054700825691594956,"upper_bound":-0.025109557044578068},"point_estimate":-0.0362276060850909,"standard_error":0.0068188230862723}}