{"mean":{"confidence_interval":{"confidence_level":0.95,"lower_bound":-0.08445408526370879,"upper_bound":-0.0344193823958539},"point_estimate":-0.05908213202097645,"standard_error":0.012727984439398335},"median":{"confidence_interval":{"confidence_level":0.95,"lower_bound":-0.06452772751429392,"upper_bound":-0.028144886210633525},"point_estimate":-0.047991978963297544,"standard_error":0.009679335381680582}}