{"mean":{"confidence_interval":{"confidence_level":0.95,"lower_bound":-0.03277625036932361,"upper_bound":-0.011271184811934657},"point_estimate":-0.02209817772690892,"standard_error":0.005417732767447643},"median":{"confidence_interval":{"confidence_level":0.95,"lower_bound":-0.026166667478141448,"upper_bound":-0.009912024146581988},"point_estimate":-0.02052791633555462,"standard_error":0.0038003583062842634}}