{"mean":{"confidence_interval":{"confidence_level":0.95,"lower_bound":-0.047078035522772524,"upper_bound":-0.028362916297310154},"point_estimate":-0.037999189594088545,"standard_error":0.00484733489251677},"median":{"confidence_interval":{"confidence_level":0.95,"lower_bound":-0.050357763040481895,"upper_bound":-0.034027820986213986},"point_estimate":-0.04134058850404998,"standard_error":0.004319812560136826}}