{"mean":{"confidence_interval":{"confidence_level":0.95,"lower_bound":0.8264371385065512,"upper_bound":0.8463356526652139},"point_estimate":0.83575098021687,"standard_error":0.00510620661375278},"median":{"confidence_interval":{"confidence_level":0.95,"lower_bound":0.8177951170802125,"upper_bound":0.8295476877628205},"point_estimate":0.8240256176425693,"standard_error":0.0031621381019916973},"median_abs_dev":{"confidence_interval":{"confidence_level":0.95,"lower_bound":0.02025401185191743,"upper_bound":0.03254991713161802},"point_estimate":0.028465081888187534,"standard_error":0.0032228958978420337},"slope":{"confidence_interval":{"confidence_level":0.95,"lower_bound":0.8111147006868378,"upper_bound":0.8214831805296234},"point_estimate":0.8160801387414087,"standard_error":0.002638695763079099},"std_dev":{"confidence_interval":{"confidence_level":0.95,"lower_bound":0.033422450197491724,"upper_bound":0.06563031035222032},"point_estimate":0.051169272785805166,"standard_error":0.008205451578331316}}