{"mean":{"confidence_interval":{"confidence_level":0.95,"lower_bound":-0.11808822639138433,"upper_bound":-0.08186692252074124},"point_estimate":-0.099304738012164,"standard_error":0.0092456308217277},"median":{"confidence_interval":{"confidence_level":0.95,"lower_bound":-0.09051094584228114,"upper_bound":-0.05020697960514364},"point_estimate":-0.06828082169569583,"standard_error":0.010381593109155731}}